{
    "name": "root",
    "gauges": {
        "Player.Policy.Entropy.mean": {
            "value": 3.323406644994975e-06,
            "min": 3.3234064176212996e-06,
            "max": 0.6927075386047363,
            "count": 71
        },
        "Player.Policy.ExtrinsicValueEstimate.mean": {
            "value": -0.07919035106897354,
            "min": -1.1323751211166382,
            "max": -0.056408483535051346,
            "count": 71
        },
        "Player.Policy.CuriosityValueEstimate.mean": {
            "value": -0.0005890208412893116,
            "min": -0.1815519481897354,
            "max": 0.004467872902750969,
            "count": 71
        },
        "Player.Environment.EpisodeLength.mean": {
            "value": 792.6363636363636,
            "min": 218.41860465116278,
            "max": 928.5384615384615,
            "count": 71
        },
        "Player.Environment.CumulativeReward.mean": {
            "value": -0.6714545474811033,
            "min": -7.098147474667606,
            "max": -0.20792311057448387,
            "count": 71
        },
        "Player.Policy.ExtrinsicReward.mean": {
            "value": -0.6714545474811033,
            "min": -7.098147474667606,
            "max": -0.20792311057448387,
            "count": 71
        },
        "Player.Policy.CuriosityReward.mean": {
            "value": 5.643095556706612e-05,
            "min": 1.6105606634524023e-05,
            "max": 0.47702767807359414,
            "count": 71
        },
        "Player.Losses.ValueLoss.mean": {
            "value": 0.000651154899969697,
            "min": 0.00023934208729770035,
            "max": 0.03129115328192711,
            "count": 71
        },
        "Player.Losses.PolicyLoss.mean": {
            "value": 0.14073362946510315,
            "min": 0.1214340552687645,
            "max": 0.14834930002689362,
            "count": 71
        },
        "Player.Policy.LearningRate.mean": {
            "value": 0.00029999998514540493,
            "min": 0.00029999998514540493,
            "max": 0.0003000000142492354,
            "count": 71
        },
        "Player.Policy.Epsilon.mean": {
            "value": 0.20000003278255463,
            "min": 0.20000003278255463,
            "max": 0.20000004768371582,
            "count": 71
        },
        "Player.Policy.Beta.mean": {
            "value": 0.004999999422580004,
            "min": 0.004999999422580004,
            "max": 0.004999999888241291,
            "count": 71
        },
        "Player.Losses.CuriosityForwardLoss.mean": {
            "value": 2.9115085453668144e-06,
            "min": 2.9055861432425445e-06,
            "max": 0.05083780735731125,
            "count": 71
        },
        "Player.Losses.CuriosityInverseLoss.mean": {
            "value": 0.0,
            "min": 0.0,
            "max": 0.6854962706565857,
            "count": 71
        },
        "Player.IsTraining.mean": {
            "value": 1.0,
            "min": 1.0,
            "max": 1.0,
            "count": 71
        }
    },
    "metadata": {
        "timer_format_version": "0.1.0",
        "start_time_seconds": "1605715661",
        "python_version": "3.8.2 (tags/v3.8.2:7b3ab59, Feb 25 2020, 23:03:10) [MSC v.1916 64 bit (AMD64)]",
        "command_line_arguments": "C:\\Python38\\Scripts\\mlagents-learn Player-01.yml --run-id Player-08",
        "mlagents_version": "0.21.0",
        "mlagents_envs_version": "0.21.0",
        "communication_protocol_version": "1.2.0",
        "tensorflow_version": "2.3.1",
        "numpy_version": "1.19.2",
        "end_time_seconds": "1605719024"
    },
    "total": 3362.7660213,
    "count": 1,
    "self": 0.013396100000136357,
    "children": {
        "run_training.setup": {
            "total": 0.010438399999999959,
            "count": 1,
            "self": 0.010438399999999959
        },
        "TrainerController.start_learning": {
            "total": 3362.7421867999997,
            "count": 1,
            "self": 2.572426700035521,
            "children": {
                "TrainerController._reset_env": {
                    "total": 9.069071800000001,
                    "count": 1,
                    "self": 9.069071800000001
                },
                "TrainerController.advance": {
                    "total": 3346.178767499964,
                    "count": 82730,
                    "self": 1.2138940999479928,
                    "children": {
                        "env_step": {
                            "total": 3344.964873400016,
                            "count": 82730,
                            "self": 3229.3934334000196,
                            "children": {
                                "SubprocessEnvManager._take_step": {
                                    "total": 114.19267680000104,
                                    "count": 82730,
                                    "self": 2.7688264000107665,
                                    "children": {
                                        "TFPolicy.evaluate": {
                                            "total": 111.42385039999027,
                                            "count": 82612,
                                            "self": 111.42385039999027
                                        }
                                    }
                                },
                                "workers": {
                                    "total": 1.3787631999954506,
                                    "count": 82729,
                                    "self": 0.0,
                                    "children": {
                                        "worker_root": {
                                            "total": 3347.9700936999616,
                                            "count": 82729,
                                            "is_parallel": true,
                                            "self": 276.421070999937,
                                            "children": {
                                                "steps_from_proto": {
                                                    "total": 0.0017151000000001915,
                                                    "count": 1,
                                                    "is_parallel": true,
                                                    "self": 0.0003115000000004642,
                                                    "children": {
                                                        "_process_vector_observation": {
                                                            "total": 0.0014035999999997273,
                                                            "count": 10,
                                                            "is_parallel": true,
                                                            "self": 0.0014035999999997273
                                                        }
                                                    }
                                                },
                                                "UnityEnvironment.step": {
                                                    "total": 3071.5473076000244,
                                                    "count": 82729,
                                                    "is_parallel": true,
                                                    "self": 11.763368600017657,
                                                    "children": {
                                                        "UnityEnvironment._generate_step_input": {
                                                            "total": 30.97116459999678,
                                                            "count": 82729,
                                                            "is_parallel": true,
                                                            "self": 30.97116459999678
                                                        },