{
    "name": "root",
    "gauges": {
        "Player.Policy.Entropy.mean": {
            "value": 0.1909441202878952,
            "min": 0.11167065054178238,
            "max": 0.6925594210624695,
            "count": 423
        },
        "Player.Policy.ExtrinsicValueEstimate.mean": {
            "value": 0.4188842177391052,
            "min": -0.5688398480415344,
            "max": 0.5325610637664795,
            "count": 423
        },
        "Player.Policy.CuriosityValueEstimate.mean": {
            "value": 0.016340410336852074,
            "min": -0.03746350109577179,
            "max": 0.06882509589195251,
            "count": 423
        },
        "Player.Environment.EpisodeLength.mean": {
            "value": 2107.6666666666665,
            "min": 216.1818181818182,
            "max": 78760.0,
            "count": 345
        },
        "Player.Environment.CumulativeReward.mean": {
            "value": 17.52333384534965,
            "min": -6.199999898672104,
            "max": 409.4930241636466,
            "count": 345
        },
        "Player.Policy.ExtrinsicReward.mean": {
            "value": 17.52333384534965,
            "min": -6.199999898672104,
            "max": 409.4930241636466,
            "count": 345
        },
        "Player.Policy.CuriosityReward.mean": {
            "value": 0.32875840668566525,
            "min": 0.0021689565509331187,
            "max": 13.3715986815223,
            "count": 345
        },
        "Player.Losses.ValueLoss.mean": {
            "value": 0.03888585418462753,
            "min": 0.011802700348198414,
            "max": 0.04907896742224693,
            "count": 423
        },
        "Player.Losses.PolicyLoss.mean": {
            "value": 0.14041668176651,
            "min": 0.12858541309833527,
            "max": 0.15308189392089844,
            "count": 423
        },
        "Player.Policy.LearningRate.mean": {
            "value": 0.00029999998514540493,
            "min": 0.00029999998514540493,
            "max": 0.0003000000142492354,
            "count": 423
        },
        "Player.Policy.Epsilon.mean": {
            "value": 0.20000003278255463,
            "min": 0.20000001788139343,
            "max": 0.20000004768371582,
            "count": 423
        },
        "Player.Policy.Beta.mean": {
            "value": 0.004999999422580004,
            "min": 0.004999999422580004,
            "max": 0.004999999888241291,
            "count": 423
        },
        "Player.Losses.CuriosityForwardLoss.mean": {
            "value": 0.008391255512833595,
            "min": 0.004568783100694418,
            "max": 0.05894359573721886,
            "count": 423
        },
        "Player.Losses.CuriosityInverseLoss.mean": {
            "value": 0.09957978874444962,
            "min": 0.06852296739816666,
            "max": 0.6828288435935974,
            "count": 423
        },
        "Player.IsTraining.mean": {
            "value": 1.0,
            "min": 1.0,
            "max": 1.0,
            "count": 423
        }
    },
    "metadata": {
        "timer_format_version": "0.1.0",
        "start_time_seconds": "1605683166",
        "python_version": "3.8.2 (tags/v3.8.2:7b3ab59, Feb 25 2020, 23:03:10) [MSC v.1916 64 bit (AMD64)]",
        "command_line_arguments": "C:\\Python38\\Scripts\\mlagents-learn Player-01.yml --run-id Player-05",
        "mlagents_version": "0.21.0",
        "mlagents_envs_version": "0.21.0",
        "communication_protocol_version": "1.2.0",
        "tensorflow_version": "2.3.1",
        "numpy_version": "1.19.2",
        "end_time_seconds": "1605710500"
    },
    "total": 27334.5363656,
    "count": 1,
    "self": 0.010987599998770747,
    "children": {
        "run_training.setup": {
            "total": 0.018645000000000245,
            "count": 1,
            "self": 0.018645000000000245
        },
        "TrainerController.start_learning": {
            "total": 27334.506733000002,
            "count": 1,
            "self": 38.40251119790264,
            "children": {
                "TrainerController._reset_env": {
                    "total": 21.2425593,
                    "count": 1,
                    "self": 21.2425593
                },
                "TrainerController.advance": {
                    "total": 27270.688375102098,
                    "count": 1051437,
                    "self": 17.35844840003483,
                    "children": {
                        "env_step": {
                            "total": 27253.329926702063,
                            "count": 1051437,
                            "self": 25853.837163302243,
                            "children": {
                                "SubprocessEnvManager._take_step": {
                                    "total": 1379.4272922999207,
                                    "count": 1051437,
                                    "self": 37.42109300053335,
                                    "children": {
                                        "TFPolicy.evaluate": {
                                            "total": 1342.0061992993874,
                                            "count": 1051031,
                                            "self": 1342.0061992993874
                                        }
                                    }
                                },
                                "workers": {
                                    "total": 20.06547109990005,
                                    "count": 1051436,
                                    "self": 0.0,
                                    "children": {
                                        "worker_root": {
                                            "total": 27268.62460600018,
                                            "count": 1051436,
                                            "is_parallel": true,
                                            "self": 3279.9321694034516,
                                            "children": {
                                                "steps_from_proto": {
                                                    "total": 0.00470820000000316,
                                                    "count": 1,
                                                    "is_parallel": true,
                                                    "self": 0.0012592000000068992,
                                                    "children": {
                                                        "_process_vector_observation": {
                                                            "total": 0.0034489999999962606,
                                                            "count": 10,
                                                            "is_parallel": true,
                                                            "self": 0.0034489999999962606
                                                        }
                                                    }
                                                },
                                                "UnityEnvironment.step": {
                                                    "total": 23988.68772839673,
                                                    "count": 1051436,
                                                    "is_parallel": true,
                                                    "self": 137.3571484960412,
                                                    "children": {
                                                        "UnityEnvironment._generate_step_input": {
                                                            "total": 298.79230270183336,
                                                            "count": 1051436,
                                                            "is_parallel": true,
                                                            "self": 298.79230270183336
                                                        },