{"count":1,"self":1013.887488,"total":10635.206333299999,"children":{"AgentSendState":{"count":659534,"self":173.8588672,"total":2718.7338449,"children":{"CollectObservations":{"count":5000660,"self":29.3060512,"total":29.306052599999997,"children":null},"CollectDiscreteActionMasks":{"count":5000660,"self":26.765633599999997,"total":26.765633599999997,"children":null},"AgentInfo.ToProto":{"count":5000660,"self":92.9968256,"total":2488.8032921,"children":{"GenerateSensorData":{"count":5000660,"self":2087.2067072,"total":2395.8064661999997,"children":{"RayPerceptionSensor.Perceive":{"count":10001320,"self":308.59968,"total":308.5996813,"children":null}}}}}}},"DecideAction":{"count":659534,"self":6896.369664,"total":6896.3696031,"children":null},"AgentAct":{"count":659534,"self":5.6123404,"total":5.6123404,"children":null},"AgentInfo.ToProto":{"count":974,"self":0.0228585,"total":0.6010932,"children":{"GenerateSensorData":{"count":974,"self":0.5166719,"total":0.5782347,"children":{"RayPerceptionSensor.Perceive":{"count":1948,"self":0.061562799999999994,"total":0.061562799999999994,"children":null}}}}}},"gauges":{"Player.CumulativeReward":{"count":974,"max":393.076874,"min":-13.9609365,"runningAverage":6.917141,"value":26.638031,"weightedAverage":78.0555344}},"metadata":{"timer_format_version":"0.1.0","start_time_seconds":"1605820828","unity_version":"2019.4.14f1","command_line_arguments":"C:\\Program Files\\Unity\\Hub\\Editor\\2019.4.14f1\\Editor\\Unity.exe -projectpath C:\/Users\/danai\/Desktop\/Dana\/School\/AP\/3e Bach TI AP\/Sem_1\/VR Experience\/Assignments\/6. Jumper_ML -useHub -hubIPC -cloudEnvironment production -hubSessionId ed590320-2aab-11eb-a44d-f5952c2c83f8 -accessToken 6bJ03sj666f2jTECp4hdT1HT8mgrgpxuC4rbFx7HxL4008f","communication_protocol_version":"1.0.0","com.unity.ml-agents_version":"1.0.6","scene_name":"ML Scene","end_time_seconds":"1605831463"}}