{"count":1,"self":1717.484544,"total":15255.9084599,"children":{"AgentSendState":{"count":1012117,"self":229.9552512,"total":3564.7376839,"children":{"CollectObservations":{"count":5000631,"self":37.233024,"total":37.233025399999995,"children":null},"CollectDiscreteActionMasks":{"count":5000631,"self":33.5885792,"total":33.5885801,"children":null},"AgentInfo.ToProto":{"count":5000631,"self":121.0501376,"total":3263.9608255999997,"children":{"GenerateSensorData":{"count":5000631,"self":2740.1545728,"total":3142.9106819999997,"children":{"RayPerceptionSensor.Perceive":{"count":10001262,"self":402.7561216,"total":402.7561144,"children":null}}}}}}},"DecideAction":{"count":1012117,"self":9962.2961151999989,"total":9962.2961968999989,"children":null},"AgentAct":{"count":1012117,"self":9.6309304,"total":9.6309303,"children":null},"AgentInfo.ToProto":{"count":2344,"self":0.068966199999999991,"total":1.7541577,"children":{"GenerateSensorData":{"count":2344,"self":1.4920518999999999,"total":1.6851915,"children":{"RayPerceptionSensor.Perceive":{"count":4688,"self":0.1931396,"total":0.1931396,"children":null}}}}}},"gauges":{"Player.CumulativeReward":{"count":2344,"max":465.95462,"min":-5.32800865,"runningAverage":2.83114028,"value":0.4089961,"weightedAverage":12.6317425}},"metadata":{"timer_format_version":"0.1.0","start_time_seconds":"1605774034","unity_version":"2019.4.14f1","command_line_arguments":"C:\\Program Files\\Unity\\Hub\\Editor\\2019.4.14f1\\Editor\\Unity.exe -projectpath C:\/Users\/danai\/Desktop\/Dana\/School\/AP\/3e Bach TI AP\/Sem_1\/VR Experience\/Assignments\/6. Jumper_ML -useHub -hubIPC -cloudEnvironment production -hubSessionId fffa6130-2a3e-11eb-93f0-c5ea276674a8 -accessToken zmekXg8gKu0cHA8a3_M9cTZ-9kMJEeDBEed01zZVbsc008f","communication_protocol_version":"1.0.0","com.unity.ml-agents_version":"1.0.6","scene_name":"ML Scene","end_time_seconds":"1605789289"}}