{
    "name": "root",
    "gauges": {
        "Player.Policy.Entropy.mean": {
            "value": 0.03162955120205879,
            "min": 0.007678565103560686,
            "max": 0.6928570866584778,
            "count": 500
        },
        "Player.Policy.ExtrinsicValueEstimate.mean": {
            "value": 0.17522387206554413,
            "min": -0.6615868210792542,
            "max": 0.23584137856960297,
            "count": 500
        },
        "Player.Policy.CuriosityValueEstimate.mean": {
            "value": 0.007254356984049082,
            "min": 0.005350747611373663,
            "max": 0.09062307327985764,
            "count": 500
        },
        "Player.Environment.EpisodeLength.mean": {
            "value": 17366.0,
            "min": 214.73170731707316,
            "max": 130628.0,
            "count": 192
        },
        "Player.Environment.CumulativeReward.mean": {
            "value": 26.64099932834506,
            "min": -3.712444467263089,
            "max": 277.8839899562299,
            "count": 191
        },
        "Player.Policy.ExtrinsicReward.mean": {
            "value": 26.64099932834506,
            "min": -3.712444467263089,
            "max": 277.8839899562299,
            "count": 191
        },
        "Player.Policy.CuriosityReward.mean": {
            "value": 0.9737195810303092,
            "min": 0.0016770700826064537,
            "max": 14.645574337377184,
            "count": 191
        },
        "Player.Losses.ValueLoss.mean": {
            "value": 0.0024768405128270388,
            "min": 0.0006175914313644171,
            "max": 0.01871526427567005,
            "count": 500
        },
        "Player.Losses.PolicyLoss.mean": {
            "value": 0.13824617862701416,
            "min": 0.11870235949754715,
            "max": 0.901742160320282,
            "count": 500
        },
        "Player.Policy.LearningRate.mean": {
            "value": 0.00029999998514540493,
            "min": 0.00029999998514540493,
            "max": 0.0003000000142492354,
            "count": 500
        },
        "Player.Policy.Epsilon.mean": {
            "value": 0.20000004768371582,
            "min": 0.20000001788139343,
            "max": 0.20000004768371582,
            "count": 500
        },
        "Player.Policy.Beta.mean": {
            "value": 0.004999999888241291,
            "min": 0.004999998956918716,
            "max": 0.004999999888241291,
            "count": 500
        },
        "Player.Losses.CuriosityForwardLoss.mean": {
            "value": 0.004222569987177849,
            "min": 0.001188709051348269,
            "max": 0.056277792900800705,
            "count": 500
        },
        "Player.Losses.CuriosityInverseLoss.mean": {
            "value": 0.022135308012366295,
            "min": 0.001726176356896758,
            "max": 0.6842002868652344,
            "count": 500
        },
        "Player.IsTraining.mean": {
            "value": 1.0,
            "min": 1.0,
            "max": 1.0,
            "count": 500
        }
    },
    "metadata": {
        "timer_format_version": "0.1.0",
        "start_time_seconds": "1605820823",
        "python_version": "3.8.2 (tags/v3.8.2:7b3ab59, Feb 25 2020, 23:03:10) [MSC v.1916 64 bit (AMD64)]",
        "command_line_arguments": "C:\\Python38\\Scripts\\mlagents-learn Player-01.yml --run-id Player-17",
        "mlagents_version": "0.21.0",
        "mlagents_envs_version": "0.21.0",
        "communication_protocol_version": "1.2.0",
        "tensorflow_version": "2.3.1",
        "numpy_version": "1.19.2",
        "end_time_seconds": "1605831463"
    },
    "total": 10639.3738742,
    "count": 1,
    "self": 0.3538681000009092,
    "children": {
        "run_training.setup": {
            "total": 0.010687400000000125,
            "count": 1,
            "self": 0.010687400000000125
        },
        "TrainerController.start_learning": {
            "total": 10639.0093187,
            "count": 1,
            "self": 16.56910340043396,
            "children": {
                "TrainerController._reset_env": {
                    "total": 6.6258435,
                    "count": 1,
                    "self": 6.6258435
                },
                "TrainerController.advance": {
                    "total": 10612.986000699566,
                    "count": 645028,
                    "self": 7.843799299243983,
                    "children": {
                        "env_step": {
                            "total": 10605.142201400322,
                            "count": 645028,
                            "self": 9830.449507600568,
                            "children": {
                                "SubprocessEnvManager._take_step": {
                                    "total": 765.5998951997155,
                                    "count": 645028,
                                    "self": 17.532914399707238,
                                    "children": {
                                        "TFPolicy.evaluate": {
                                            "total": 748.0669808000083,
                                            "count": 644871,
                                            "self": 748.0669808000083
                                        }
                                    }
                                },
                                "workers": {
                                    "total": 9.092798600038522,
                                    "count": 645028,
                                    "self": 0.0,
                                    "children": {
                                        "worker_root": {
                                            "total": 10612.887934699154,
                                            "count": 645028,
                                            "is_parallel": true,
                                            "self": 1781.6073009992779,
                                            "children": {
                                                "steps_from_proto": {
                                                    "total": 0.0008121000000000933,
                                                    "count": 1,
                                                    "is_parallel": true,
                                                    "self": 0.0002568000000007231,
                                                    "children": {
                                                        "_process_vector_observation": {
                                                            "total": 0.0005552999999993702,
                                                            "count": 6,
                                                            "is_parallel": true,
                                                            "self": 0.0005552999999993702
                                                        }
                                                    }
                                                },
                                                "UnityEnvironment.step": {
                                                    "total": 8831.279821599877,
                                                    "count": 645028,
                                                    "is_parallel": true,
                                                    "self": 54.80698940028742,
                                                    "children": {
                                                        "UnityEnvironment._generate_step_input": {
                                                            "total": 170.1264811992504,
                                                            "count": 645028,
                                                            "is_parallel": true,
                                                            "self": 170.1264811992504
                                                        },