{
    "name": "root",
    "gauges": {
        "Player.Policy.Entropy.mean": {
            "value": 0.03483300656080246,
            "min": 0.0034540349151939154,
            "max": 0.6926976442337036,
            "count": 500
        },
        "Player.Policy.ExtrinsicValueEstimate.mean": {
            "value": 0.13114111125469208,
            "min": -0.5989996790885925,
            "max": 0.2253512293100357,
            "count": 500
        },
        "Player.Policy.CuriosityValueEstimate.mean": {
            "value": 0.010794821195304394,
            "min": 0.0034192230086773634,
            "max": 0.2200816124677658,
            "count": 500
        },
        "Player.Environment.EpisodeLength.mean": {
            "value": 806.2,
            "min": 191.13725490196077,
            "max": 43298.2,
            "count": 500
        },
        "Player.Environment.CumulativeReward.mean": {
            "value": 0.01900004521012306,
            "min": -3.0640851503356976,
            "max": 93.9311971642077,
            "count": 500
        },
        "Player.Policy.ExtrinsicReward.mean": {
            "value": 0.01900004521012306,
            "min": -3.0640851503356976,
            "max": 93.9311971642077,
            "count": 500
        },
        "Player.Policy.CuriosityReward.mean": {
            "value": 0.07313041228335351,
            "min": 0.0017581716417632205,
            "max": 2.9198036051675444,
            "count": 500
        },
        "Player.Losses.ValueLoss.mean": {
            "value": 0.00334724853746593,
            "min": 0.0014863986289128661,
            "max": 0.028189748525619507,
            "count": 500
        },
        "Player.Losses.PolicyLoss.mean": {
            "value": 0.1379481703042984,
            "min": 0.11957313865423203,
            "max": 0.1456836313009262,
            "count": 500
        },
        "Player.Policy.LearningRate.mean": {
            "value": 0.00029999998514540493,
            "min": 0.00029999998514540493,
            "max": 0.0003000000142492354,
            "count": 500
        },
        "Player.Policy.Epsilon.mean": {
            "value": 0.20000004768371582,
            "min": 0.20000001788139343,
            "max": 0.20000004768371582,
            "count": 500
        },
        "Player.Policy.Beta.mean": {
            "value": 0.004999999888241291,
            "min": 0.004999999422580004,
            "max": 0.004999999888241291,
            "count": 500
        },
        "Player.Losses.CuriosityForwardLoss.mean": {
            "value": 0.00693850964307785,
            "min": 0.0011481856927275658,
            "max": 0.05139942467212677,
            "count": 500
        },
        "Player.Losses.CuriosityInverseLoss.mean": {
            "value": 0.035291969776153564,
            "min": 0.000778341549448669,
            "max": 0.6813074946403503,
            "count": 500
        },
        "Player.IsTraining.mean": {
            "value": 1.0,
            "min": 1.0,
            "max": 1.0,
            "count": 500
        }
    },
    "metadata": {
        "timer_format_version": "0.1.0",
        "start_time_seconds": "1605774019",
        "python_version": "3.8.2 (tags/v3.8.2:7b3ab59, Feb 25 2020, 23:03:10) [MSC v.1916 64 bit (AMD64)]",
        "command_line_arguments": "C:\\Python38\\Scripts\\mlagents-learn Player-01.yml --run-id Player-14",
        "mlagents_version": "0.21.0",
        "mlagents_envs_version": "0.21.0",
        "communication_protocol_version": "1.2.0",
        "tensorflow_version": "2.3.1",
        "numpy_version": "1.19.2",
        "end_time_seconds": "1605789290"
    },
    "total": 15270.9180222,
    "count": 1,
    "self": 1.4753510000009555,
    "children": {
        "run_training.setup": {
            "total": 0.015468300000000212,
            "count": 1,
            "self": 0.015468300000000212
        },
        "TrainerController.start_learning": {
            "total": 15269.427202899999,
            "count": 1,
            "self": 29.34476250071566,
            "children": {
                "TrainerController._reset_env": {
                    "total": 17.9514779,
                    "count": 1,
                    "self": 17.9514779
                },
                "TrainerController.advance": {
                    "total": 15214.534647099283,
                    "count": 982568,
                    "self": 13.779344699063586,
                    "children": {
                        "env_step": {
                            "total": 15200.755302400219,
                            "count": 982568,
                            "self": 14022.691755100519,
                            "children": {
                                "SubprocessEnvManager._take_step": {
                                    "total": 1161.6528760999372,
                                    "count": 982568,
                                    "self": 30.794109998913882,
                                    "children": {
                                        "TFPolicy.evaluate": {
                                            "total": 1130.8587661010233,
                                            "count": 982353,
                                            "self": 1130.8587661010233
                                        }
                                    }
                                },
                                "workers": {
                                    "total": 16.41067119976278,
                                    "count": 982568,
                                    "self": 0.0,
                                    "children": {
                                        "worker_root": {
                                            "total": 15214.569350699294,
                                            "count": 982568,
                                            "is_parallel": true,
                                            "self": 2759.65774389939,
                                            "children": {
                                                "steps_from_proto": {
                                                    "total": 0.0010191000000006056,
                                                    "count": 1,
                                                    "is_parallel": true,
                                                    "self": 0.00033190000000082875,
                                                    "children": {
                                                        "_process_vector_observation": {
                                                            "total": 0.0006871999999997769,
                                                            "count": 6,
                                                            "is_parallel": true,
                                                            "self": 0.0006871999999997769
                                                        }
                                                    }
                                                },
                                                "UnityEnvironment.step": {
                                                    "total": 12454.910587699904,
                                                    "count": 982568,
                                                    "is_parallel": true,
                                                    "self": 92.2556761997057,
                                                    "children": {
                                                        "UnityEnvironment._generate_step_input": {
                                                            "total": 250.24070429986523,
                                                            "count": 982568,
                                                            "is_parallel": true,
                                                            "self": 250.24070429986523
                                                        },