{
    "name": "root",
    "gauges": {
        "Player.Policy.Entropy.mean": {
            "value": 0.09184040129184723,
            "min": 0.027654049918055534,
            "max": 0.6927725672721863,
            "count": 356
        },
        "Player.Policy.ExtrinsicValueEstimate.mean": {
            "value": 0.16829584538936615,
            "min": -0.09550116956233978,
            "max": 0.21653565764427185,
            "count": 356
        },
        "Player.Policy.CuriosityValueEstimate.mean": {
            "value": 0.007937493734061718,
            "min": -0.03520664572715759,
            "max": 0.06507853418588638,
            "count": 356
        },
        "Player.Environment.EpisodeLength.mean": {
            "value": 2046.3333333333333,
            "min": 257.8421052631579,
            "max": 9664.666666666666,
            "count": 346
        },
        "Player.Environment.CumulativeReward.mean": {
            "value": 4.4216664880514145,
            "min": -0.513757583741663,
            "max": 21.89099925197661,
            "count": 346
        },
        "Player.Policy.ExtrinsicReward.mean": {
            "value": 4.4216664880514145,
            "min": -0.513757583741663,
            "max": 21.89099925197661,
            "count": 346
        },
        "Player.Policy.CuriosityReward.mean": {
            "value": 0.16985442832810804,
            "min": 0.0008238740829807339,
            "max": 1.0346488221766776,
            "count": 346
        },
        "Player.Losses.PolicyLoss.mean": {
            "value": 0.13856579679581854,
            "min": 0.11746248709252424,
            "max": 0.14826580928017696,
            "count": 356
        },
        "Player.Losses.ValueLoss.mean": {
            "value": 0.004385217290829233,
            "min": 0.0010035781536138105,
            "max": 0.018366350760995916,
            "count": 356
        },
        "Player.Policy.LearningRate.mean": {
            "value": 0.00030000000000000003,
            "min": 0.0002999999999999999,
            "max": 0.00030000000000000003,
            "count": 356
        },
        "Player.Policy.Epsilon.mean": {
            "value": 0.2,
            "min": 0.2,
            "max": 0.20000000000000004,
            "count": 356
        },
        "Player.Policy.Beta.mean": {
            "value": 0.005,
            "min": 0.004999999999999998,
            "max": 0.005,
            "count": 356
        },
        "Player.Losses.CuriosityForwardLoss.mean": {
            "value": 0.0035960344981786976,
            "min": 0.001871278717561735,
            "max": 0.051883755642900174,
            "count": 356
        },
        "Player.Losses.CuriosityInverseLoss.mean": {
            "value": 0.04800419653876209,
            "min": 0.021646448272403897,
            "max": 0.6846077883611978,
            "count": 356
        },
        "Player.IsTraining.mean": {
            "value": 1.0,
            "min": 1.0,
            "max": 1.0,
            "count": 356
        }
    },
    "metadata": {
        "timer_format_version": "0.1.0",
        "start_time_seconds": "1606325072",
        "python_version": "3.8.6 (tags/v3.8.6:db45529, Sep 23 2020, 15:52:53) [MSC v.1927 64 bit (AMD64)]",
        "command_line_arguments": "C:\\Users\\danai\\AppData\\Local\\Programs\\Python\\Python38\\Scripts\\mlagents-learn Player-01.yml --run-id Player-20-springengeenpuntenverliezen-OrigineleYML",
        "mlagents_version": "0.22.0",
        "mlagents_envs_version": "0.22.0",
        "communication_protocol_version": "1.2.0",
        "pytorch_version": "1.7.0",
        "numpy_version": "1.19.4",
        "end_time_seconds": "1606342211"
    },
    "total": 17139.2162574,
    "count": 1,
    "self": 0.02152819999901112,
    "children": {
        "run_training.setup": {
            "total": 0.05463130000000005,
            "count": 1,
            "self": 0.05463130000000005
        },
        "TrainerController.start_learning": {
            "total": 17139.1400979,
            "count": 1,
            "self": 15.304125099239172,
            "children": {
                "TrainerController._reset_env": {
                    "total": 8.4892407,
                    "count": 1,
                    "self": 8.4892407
                },
                "TrainerController.advance": {
                    "total": 17115.249069200763,
                    "count": 670981,
                    "self": 7.236907601356506,
                    "children": {
                        "env_step": {
                            "total": 17108.012161599407,
                            "count": 670981,
                            "self": 14413.710921199834,
                            "children": {
                                "SubprocessEnvManager._take_step": {
                                    "total": 2685.7360556998183,
                                    "count": 670981,
                                    "self": 42.57309699976031,
                                    "children": {
                                        "TorchPolicy.evaluate": {
                                            "total": 2643.162958700058,
                                            "count": 670226,
                                            "self": 789.0768264987514,
                                            "children": {
                                                "TorchPolicy.sample_actions": {
                                                    "total": 1854.0861322013066,
                                                    "count": 670226,
                                                    "self": 1854.0861322013066
                                                }
                                            }
                                        }
                                    }
                                },
                                "workers": {
                                    "total": 8.565184699753868,
                                    "count": 670981,
                                    "self": 0.0,
                                    "children": {
                                        "worker_root": {
                                            "total": 17083.242817299375,
                                            "count": 670981,
                                            "is_parallel": true,
                                            "self": 10085.566295499073,
                                            "children": {
                                                "steps_from_proto": {
                                                    "total": 0.0007945999999998676,
                                                    "count": 1,
                                                    "is_parallel": true,
                                                    "self": 0.00026179999999964565,
                                                    "children": {
                                                        "_process_vector_observation": {
                                                            "total": 0.000532800000000222,
                                                            "count": 6,
                                                            "is_parallel": true,
                                                            "self": 0.000532800000000222
                                                        }
                                                    }
                                                },
                                                "UnityEnvironment.step": {
                                                    "total": 6997.6757272003015,
                                                    "count": 670981,
                                                    "is_parallel": true,
                                                    "self": 51.22342300188939,