{
    "name": "root",
    "metadata": {
        "timer_format_version": "0.1.0",
        "start_time_seconds": "1605773743",
        "python_version": "3.8.2 (tags/v3.8.2:7b3ab59, Feb 25 2020, 23:03:10) [MSC v.1916 64 bit (AMD64)]",
        "command_line_arguments": "C:\\Python38\\Scripts\\mlagents-learn Player-01.yml --run-id Player-13 --resume",
        "mlagents_version": "0.21.0",
        "mlagents_envs_version": "0.21.0",
        "communication_protocol_version": "1.2.0",
        "tensorflow_version": "2.3.1",
        "numpy_version": "1.19.2",
        "end_time_seconds": "1605773756"
    },
    "total": 13.062464799999999,
    "count": 1,
    "self": 0.2859372000000011,
    "children": {
        "run_training.setup": {
            "total": 0.019974500000000006,
            "count": 1,
            "self": 0.019974500000000006
        },
        "TrainerController.start_learning": {
            "total": 12.756553099999998,
            "count": 1,
            "self": 0.001317299999996635,
            "children": {
                "TrainerController._reset_env": {
                    "total": 9.574732999999998,
                    "count": 1,
                    "self": 9.574732999999998
                },
                "trainer_threads": {
                    "total": 1.920000000055211e-05,
                    "count": 1,
                    "self": 1.920000000055211e-05,
                    "children": {
                        "thread_root": {
                            "total": 0.0,
                            "count": 0,
                            "is_parallel": true,
                            "self": 0.0,
                            "children": {
                                "trainer_advance": {
                                    "total": 0.0011432000000013431,
                                    "count": 1,
                                    "is_parallel": true,
                                    "self": 2.1500000002561137e-05,
                                    "children": {
                                        "process_trajectory": {
                                            "total": 0.001121699999998782,
                                            "count": 1,
                                            "is_parallel": true,
                                            "self": 0.001121699999998782
                                        }
                                    }
                                }
                            }
                        }
                    }
                },
                "TrainerController._save_models": {
                    "total": 3.1804836000000023,
                    "count": 1,
                    "self": 0.005407000000001716,
                    "children": {
                        "RLTrainer._checkpoint": {
                            "total": 3.1750766000000006,
                            "count": 1,
                            "self": 3.1750766000000006
                        }
                    }
                }
            }
        }
    }
}